size,Triton,Torch
4096.000000,6.023530,6.857143
8192.000000,12.000000,12.000000
16384.000000,17.454545,19.200000
32768.000000,27.428571,27.428571
65536.000000,33.391304,34.909091
131072.000000,35.720930,40.421054
262144.000000,45.176470,45.176470
524288.000000,47.261538,46.900766
1048576.000000,48.377950,48.188237
2097152.000000,48.858848,48.808816
4194304.000000,49.225837,49.102894
8388608.000000,49.548388,49.349397
16777216.000000,49.661024,49.430045
33554432.000000,49.517188,49.423831
